Identification,Lake identification,Year,Species code,Species,Percent abundance
Identification ,Identification des lacs,Année,Code de l’espèce,Espèce,Pourcentage de l’abondance
99,OCF19,2012,AchMin,Achnanthes minutissima,87.83
100,OCF19,2012,AchLan,Achnanthes lanceolata,0
101,OCF19,2012,AchSp1,Achnanthes species 1,0
102,OCF19,2012,AmpLib,Amphora libyca,0
103,OCF19,2012,AmpPed,Amphora pediculus,0
104,OCF19,2012,BraMic,Brachysira microcephala,0
105,OCF19,2012,CalBac,Caloneis bacillum,0
106,OCF19,2012,CalLew,Caloneis lewisii,0
107,OCF19,2012,CocPla,Cocconeis placentula,0.3
108,OCF19,2012,CymCis,Cymbella cistula,0
109,OCF19,2012,CymGra,Cymbella gracilis,0
110,OCF19,2012,CymSil,Cymbella silesiaca,0
111,OCF19,2012,CymMic,Cymbella microcephala,0
112,OCF19,2012,DiaTen,Diatoma tenius,0
113,OCF19,2012,EpiAdn,Epithemia adnata,0
114,OCF19,2012,EpiTur,Epithemia turgida,0
115,OCF19,2012,EunBil,Eunotia bilunaris,0
116,OCF19,2012,EunInc,Eunotia incisa,0
117,OCF19,2012,FraBre,Fragilaria brevistriata,0
118,OCF19,2012,FraCap,Fragilaria capucina,0
119,OCF19,2012,FraPin,Fragilaria pinnata,0.59
120,OCF19,2012,FraTen,Fragilaria tenera,0
121,OCF19,2012,GomAcu,Gomphonema acuminatum,0
122,OCF19,2012,GomAng,Gomphonema angustatum,0.3
123,OCF19,2012,GomCap,Gomphonema capitatum,0
124,OCF19,2012,GomGra,Gomphonema gracile,0
125,OCF19,2012,GomPar,Gomphonema parvulum,0.3
126,OCF19,2012,GomSub,Gomphonema subtile,0
127,OCF19,2012,GomTru,Gomphonema truncatum,0
128,OCF19,2012,GomSp1,Gomphonema species 1,0
129,OCF19,2012,GyrAcu,Gyrosigma acuminatum,0
130,OCF19,2012,NavCrc,Navicula cryptocephala,0
131,OCF19,2012,NavCrn,Navicula cryptotenella,1.78
132,OCF19,2012,NavDif,Navicula difficillima,0
133,OCF19,2012,NavMin,Navicula minima,0
134,OCF19,2012,NavPup,Navicula pupula,0.59
135,OCF19,2012,NavPyg,Navicula pygmaea,0
136,OCF19,2012,NavRad,Navicula radiosa,0
137,OCF19,2012,NavSem,Navicula seminulum,0
138,OCF19,2012,NavSub,Navicula subtilissima,7.12
139,OCF19,2012,NavTri,Navicula trivialis,0
140,OCF19,2012,NitAng,Nitzschia angustata,0
141,OCF19,2012,NitPal,Nitzschia palea,1.19
142,OCF19,2012,NitPer,Nitzschia perminuta,0
143,OCF19,2012,RhoGib,Rhopalodia gibba,0
144,OCF19,2012,StaAnc,Stauroneis anceps,0
145,OCF19,2012,StaGra,Stauroneis gracilior,0
146,OCF19,2012,StaPho,Stauroneis phoenicenteron,0
147,OCF19,2012,TabFlo,Tabellaria flocculosa,0
393,OCF38,2012,AchMin,Achnanthes minutissima,14.55
394,OCF38,2012,AchLan,Achnanthes lanceolata,0
395,OCF38,2012,AchSp1,Achnanthes species 1,0
396,OCF38,2012,AmpLib,Amphora libyca,0.62
397,OCF38,2012,AmpPed,Amphora pediculus,0.62
398,OCF38,2012,BraMic,Brachysira microcephala,0
399,OCF38,2012,CalBac,Caloneis bacillum,1.24
400,OCF38,2012,CalLew,Caloneis lewisii,0
401,OCF38,2012,CocPla,Cocconeis placentula,0
402,OCF38,2012,CymCis,Cymbella cistula,0
403,OCF38,2012,CymGra,Cymbella gracilis,0
404,OCF38,2012,CymSil,Cymbella silesiaca,8.05
405,OCF38,2012,CymMic,Cymbella microcephala,0
406,OCF38,2012,DiaTen,Diatoma tenius,2.17
407,OCF38,2012,EpiAdn,Epithemia adnata,0
408,OCF38,2012,EpiTur,Epithemia turgida,0
409,OCF38,2012,EunBil,Eunotia bilunaris,0
410,OCF38,2012,EunInc,Eunotia incisa,0
411,OCF38,2012,FraBre,Fragilaria brevistriata,0
412,OCF38,2012,FraCap,Fragilaria capucina,26.93
413,OCF38,2012,FraPin,Fragilaria pinnata,4.64
414,OCF38,2012,FraTen,Fragilaria tenera,1.86
415,OCF38,2012,GomAcu,Gomphonema acuminatum,1.86
416,OCF38,2012,GomAng,Gomphonema angustatum,0
417,OCF38,2012,GomCap,Gomphonema capitatum,0
418,OCF38,2012,GomGra,Gomphonema gracile,0
419,OCF38,2012,GomPar,Gomphonema parvulum,6.19
420,OCF38,2012,GomSub,Gomphonema subtile,0
421,OCF38,2012,GomTru,Gomphonema truncatum,0
422,OCF38,2012,GomSp1,Gomphonema species 1,9.29
423,OCF38,2012,GyrAcu,Gyrosigma acuminatum,0
424,OCF38,2012,NavCrc,Navicula cryptocephala,8.36
425,OCF38,2012,NavCrn,Navicula cryptotenella,0.31
426,OCF38,2012,NavDif,Navicula difficillima,0
427,OCF38,2012,NavMin,Navicula minima,0
428,OCF38,2012,NavPup,Navicula pupula,0
429,OCF38,2012,NavPyg,Navicula pygmaea,1.24
430,OCF38,2012,NavRad,Navicula radiosa,0.62
431,OCF38,2012,NavSem,Navicula seminulum,0
432,OCF38,2012,NavSub,Navicula subtilissima,0
433,OCF38,2012,NavTri,Navicula trivialis,1.86
434,OCF38,2012,NitAng,Nitzschia angustata,0
435,OCF38,2012,NitPal,Nitzschia palea,8.67
436,OCF38,2012,NitPer,Nitzschia perminuta,0
437,OCF38,2012,RhoGib,Rhopalodia gibba,0
438,OCF38,2012,StaAnc,Stauroneis anceps,0.31
439,OCF38,2012,StaGra,Stauroneis gracilior,0
440,OCF38,2012,StaPho,Stauroneis phoenicenteron,0
441,OCF38,2012,TabFlo,Tabellaria flocculosa,0.62
442,OCF46,2012,AchMin,Achnanthes minutissima,8.78
443,OCF46,2012,AchLan,Achnanthes lanceolata,0
444,OCF46,2012,AchSp1,Achnanthes species 1,0
445,OCF46,2012,AmpLib,Amphora libyca,0
446,OCF46,2012,AmpPed,Amphora pediculus,0
447,OCF46,2012,BraMic,Brachysira microcephala,0
448,OCF46,2012,CalBac,Caloneis bacillum,0
449,OCF46,2012,CalLew,Caloneis lewisii,1.25
450,OCF46,2012,CocPla,Cocconeis placentula,37.3
451,OCF46,2012,CymCis,Cymbella cistula,0
452,OCF46,2012,CymGra,Cymbella gracilis,0
453,OCF46,2012,CymSil,Cymbella silesiaca,0.63
454,OCF46,2012,CymMic,Cymbella microcephala,0
455,OCF46,2012,DiaTen,Diatoma tenius,0
456,OCF46,2012,EpiAdn,Epithemia adnata,32.92
457,OCF46,2012,EpiTur,Epithemia turgida,4.7
458,OCF46,2012,EunBil,Eunotia bilunaris,0
459,OCF46,2012,EunInc,Eunotia incisa,0
460,OCF46,2012,FraBre,Fragilaria brevistriata,0
461,OCF46,2012,FraCap,Fragilaria capucina,0
462,OCF46,2012,FraPin,Fragilaria pinnata,1.25
463,OCF46,2012,FraTen,Fragilaria tenera,0
464,OCF46,2012,GomAcu,Gomphonema acuminatum,0
465,OCF46,2012,GomAng,Gomphonema angustatum,0
466,OCF46,2012,GomCap,Gomphonema capitatum,0
467,OCF46,2012,GomGra,Gomphonema gracile,0
468,OCF46,2012,GomPar,Gomphonema parvulum,0
469,OCF46,2012,GomSub,Gomphonema subtile,0
470,OCF46,2012,GomTru,Gomphonema truncatum,0
471,OCF46,2012,GomSp1,Gomphonema species 1,0
472,OCF46,2012,GyrAcu,Gyrosigma acuminatum,0
473,OCF46,2012,NavCrc,Navicula cryptocephala,0.94
474,OCF46,2012,NavCrn,Navicula cryptotenella,1.88
475,OCF46,2012,NavDif,Navicula difficillima,0
476,OCF46,2012,NavMin,Navicula minima,0
477,OCF46,2012,NavPup,Navicula pupula,0.31
478,OCF46,2012,NavPyg,Navicula pygmaea,0
479,OCF46,2012,NavRad,Navicula radiosa,3.45
480,OCF46,2012,NavSem,Navicula seminulum,0
481,OCF46,2012,NavSub,Navicula subtilissima,0
482,OCF46,2012,NavTri,Navicula trivialis,0.31
483,OCF46,2012,NitAng,Nitzschia angustata,1.25
484,OCF46,2012,NitPal,Nitzschia palea,5.02
485,OCF46,2012,NitPer,Nitzschia perminuta,0
486,OCF46,2012,RhoGib,Rhopalodia gibba,0
487,OCF46,2012,StaAnc,Stauroneis anceps,0
488,OCF46,2012,StaGra,Stauroneis gracilior,0
489,OCF46,2012,StaPho,Stauroneis phoenicenteron,0
490,OCF46,2012,TabFlo,Tabellaria flocculosa,0
491,OCF48,2012,AchMin,Achnanthes minutissima,29.43
492,OCF48,2012,AchLan,Achnanthes lanceolata,0
493,OCF48,2012,AchSp1,Achnanthes species 1,0
494,OCF48,2012,AmpLib,Amphora libyca,0
495,OCF48,2012,AmpPed,Amphora pediculus,0.6
496,OCF48,2012,BraMic,Brachysira microcephala,0
497,OCF48,2012,CalBac,Caloneis bacillum,0
498,OCF48,2012,CalLew,Caloneis lewisii,0
499,OCF48,2012,CocPla,Cocconeis placentula,17.72
500,OCF48,2012,CymCis,Cymbella cistula,0
501,OCF48,2012,CymGra,Cymbella gracilis,0
502,OCF48,2012,CymSil,Cymbella silesiaca,0
503,OCF48,2012,CymMic,Cymbella microcephala,0
504,OCF48,2012,DiaTen,Diatoma tenius,0
505,OCF48,2012,EpiAdn,Epithemia adnata,0.6
506,OCF48,2012,EpiTur,Epithemia turgida,0
507,OCF48,2012,EunBil,Eunotia bilunaris,0
508,OCF48,2012,EunInc,Eunotia incisa,0
509,OCF48,2012,FraBre,Fragilaria brevistriata,0
510,OCF48,2012,FraCap,Fragilaria capucina,0
511,OCF48,2012,FraPin,Fragilaria pinnata,1.2
512,OCF48,2012,FraTen,Fragilaria tenera,0.3
513,OCF48,2012,GomAcu,Gomphonema acuminatum,0
514,OCF48,2012,GomAng,Gomphonema angustatum,0
515,OCF48,2012,GomCap,Gomphonema capitatum,0
516,OCF48,2012,GomGra,Gomphonema gracile,0
517,OCF48,2012,GomPar,Gomphonema parvulum,1.5
518,OCF48,2012,GomSub,Gomphonema subtile,0
519,OCF48,2012,GomTru,Gomphonema truncatum,0
520,OCF48,2012,GomSp1,Gomphonema species 1,45.05
521,OCF48,2012,GyrAcu,Gyrosigma acuminatum,0
522,OCF48,2012,NavCrc,Navicula cryptocephala,0
523,OCF48,2012,NavCrn,Navicula cryptotenella,2.1
524,OCF48,2012,NavDif,Navicula difficillima,0
525,OCF48,2012,NavMin,Navicula minima,0
526,OCF48,2012,NavPup,Navicula pupula,0
527,OCF48,2012,NavPyg,Navicula pygmaea,0
528,OCF48,2012,NavRad,Navicula radiosa,0.6
529,OCF48,2012,NavSem,Navicula seminulum,0
530,OCF48,2012,NavSub,Navicula subtilissima,0.6
531,OCF48,2012,NavTri,Navicula trivialis,0
532,OCF48,2012,NitAng,Nitzschia angustata,0
533,OCF48,2012,NitPal,Nitzschia palea,0.3
534,OCF48,2012,NitPer,Nitzschia perminuta,0
535,OCF48,2012,RhoGib,Rhopalodia gibba,0
536,OCF48,2012,StaAnc,Stauroneis anceps,0
537,OCF48,2012,StaGra,Stauroneis gracilior,0
538,OCF48,2012,StaPho,Stauroneis phoenicenteron,0
539,OCF48,2012,TabFlo,Tabellaria flocculosa,0
540,OCF49,2012,AchMin,Achnanthes minutissima,79.94
541,OCF49,2012,AchLan,Achnanthes lanceolata,0
542,OCF49,2012,AchSp1,Achnanthes species 1,0
543,OCF49,2012,AmpLib,Amphora libyca,0
544,OCF49,2012,AmpPed,Amphora pediculus,0
545,OCF49,2012,BraMic,Brachysira microcephala,1.88
546,OCF49,2012,CalBac,Caloneis bacillum,0
547,OCF49,2012,CalLew,Caloneis lewisii,0
548,OCF49,2012,CocPla,Cocconeis placentula,0.94
549,OCF49,2012,CymCis,Cymbella cistula,0.63
550,OCF49,2012,CymGra,Cymbella gracilis,0
551,OCF49,2012,CymSil,Cymbella silesiaca,0
552,OCF49,2012,CymMic,Cymbella microcephala,0
553,OCF49,2012,DiaTen,Diatoma tenius,0
554,OCF49,2012,EpiAdn,Epithemia adnata,0
555,OCF49,2012,EpiTur,Epithemia turgida,0
556,OCF49,2012,EunBil,Eunotia bilunaris,0
557,OCF49,2012,EunInc,Eunotia incisa,0
558,OCF49,2012,FraBre,Fragilaria brevistriata,0
559,OCF49,2012,FraCap,Fragilaria capucina,0
560,OCF49,2012,FraPin,Fragilaria pinnata,0
561,OCF49,2012,FraTen,Fragilaria tenera,0
562,OCF49,2012,GomAcu,Gomphonema acuminatum,0
563,OCF49,2012,GomAng,Gomphonema angustatum,0
564,OCF49,2012,GomCap,Gomphonema capitatum,0
565,OCF49,2012,GomGra,Gomphonema gracile,0
566,OCF49,2012,GomPar,Gomphonema parvulum,1.57
567,OCF49,2012,GomSub,Gomphonema subtile,0
568,OCF49,2012,GomTru,Gomphonema truncatum,0
569,OCF49,2012,GomSp1,Gomphonema species 1,13.48
570,OCF49,2012,GyrAcu,Gyrosigma acuminatum,0
571,OCF49,2012,NavCrc,Navicula cryptocephala,0.63
572,OCF49,2012,NavCrn,Navicula cryptotenella,0.31
573,OCF49,2012,NavDif,Navicula difficillima,0
574,OCF49,2012,NavMin,Navicula minima,0
575,OCF49,2012,NavPup,Navicula pupula,0
576,OCF49,2012,NavPyg,Navicula pygmaea,0
577,OCF49,2012,NavRad,Navicula radiosa,0.63
578,OCF49,2012,NavSem,Navicula seminulum,0
579,OCF49,2012,NavSub,Navicula subtilissima,0
580,OCF49,2012,NavTri,Navicula trivialis,0
581,OCF49,2012,NitAng,Nitzschia angustata,0
582,OCF49,2012,NitPal,Nitzschia palea,0
583,OCF49,2012,NitPer,Nitzschia perminuta,0
584,OCF49,2012,RhoGib,Rhopalodia gibba,0
585,OCF49,2012,StaAnc,Stauroneis anceps,0
586,OCF49,2012,StaGra,Stauroneis gracilior,0
587,OCF49,2012,StaPho,Stauroneis phoenicenteron,0
588,OCF49,2012,TabFlo,Tabellaria flocculosa,0
822,OCF19,2013,AchMin,Achnanthes minutissima,66.76
823,OCF19,2013,AchLan,Achnanthes lanceolata,0
824,OCF19,2013,AchSp1,Achnanthes species 1,0
825,OCF19,2013,AmpLib,Amphora libyca,0
826,OCF19,2013,AmpPed,Amphora pediculus,0
827,OCF19,2013,AmpPel,Amphipleura pellucida,0
828,OCF19,2013,BraMic,Brachysira microcephala,0
829,OCF19,2013,BraPro,Brachysira procera,0
830,OCF19,2013,CalBac,Caloneis bacillum,0
831,OCF19,2013,CocPla,Cocconeis placentula,0.28
832,OCF19,2013,CymCis,Cymbella cistula,0
833,OCF19,2013,CymGra,Cymbella gracilis,0
834,OCF19,2013,CymSil,Cymbella silesiaca,0
835,OCF19,2013,CymMic,Cymbella microcephala,0
836,OCF19,2013,DiaTen,Diatoma tenius,0
837,OCF19,2013,EpiAdn,Epithemia adnata,0.57
838,OCF19,2013,EpiTur,Epithemia turgida,0
839,OCF19,2013,EunBil,Eunotia bilunaris,0
840,OCF19,2013,EunInc,Eunotia incisa,0
841,OCF19,2013,FraBre,Fragilaria brevistriata,0
842,OCF19,2013,FraCap,Fragilaria capucina,0
843,OCF19,2013,FraPin,Fragilaria pinnata,0
844,OCF19,2013,FraTen,Fragilaria tenera,0
845,OCF19,2013,GomAcu,Gomphonema acuminatum,0.28
846,OCF19,2013,GomCap,Gomphonema capitatum,0
847,OCF19,2013,GomGra,Gomphonema gracile,0
848,OCF19,2013,GomPar,Gomphonema parvulum,4.55
849,OCF19,2013,GomTru,Gomphonema truncatum,1.7
850,OCF19,2013,GomSp1,Gomphonema species 1,9.09
851,OCF19,2013,GyrAcu,Gyrosigma acuminatum,0
852,OCF19,2013,NavCrc,Navicula cryptocephala,0
853,OCF19,2013,NavCrn,Navicula cryptotenella,1.99
854,OCF19,2013,NavPup,Navicula pupula,0
855,OCF19,2013,NavPyg,Navicula pygmaea,0
856,OCF19,2013,NavRad,Navicula radiosa,0.57
857,OCF19,2013,NavSub,Navicula subtilissima,1.7
858,OCF19,2013,NavTri,Navicula trivialis,1.99
859,OCF19,2013,NitAmp,Nitzschia amphibia,0
860,OCF19,2013,NitPal,Nitzschia palea,8.24
861,OCF19,2013,NitPer,Nitzschia perminuta,0
862,OCF19,2013,PsaCon,Psammodictyon constrictum,0
863,OCF19,2013,RhoGib,Rhopalodia gibba,2.27
864,OCF19,2013,TabFlo,Tabellaria flocculosa,0
1080,OCF38,2013,AchMin,Achnanthes minutissima,11
1081,OCF38,2013,AchLan,Achnanthes lanceolata,0
1082,OCF38,2013,AchSp1,Achnanthes species 1,0
1083,OCF38,2013,AmpLib,Amphora libyca,2.27
1084,OCF38,2013,AmpPed,Amphora pediculus,0
1085,OCF38,2013,AmpPel,Amphipleura pellucida,2.59
1086,OCF38,2013,BraMic,Brachysira microcephala,0
1087,OCF38,2013,BraPro,Brachysira procera,0
1088,OCF38,2013,CalBac,Caloneis bacillum,2.27
1089,OCF38,2013,CocPla,Cocconeis placentula,0
1090,OCF38,2013,CymCis,Cymbella cistula,0
1091,OCF38,2013,CymGra,Cymbella gracilis,0
1092,OCF38,2013,CymSil,Cymbella silesiaca,0.32
1093,OCF38,2013,CymMic,Cymbella microcephala,0
1094,OCF38,2013,DiaTen,Diatoma tenius,11
1095,OCF38,2013,EpiAdn,Epithemia adnata,0
1096,OCF38,2013,EpiTur,Epithemia turgida,0
1097,OCF38,2013,EunBil,Eunotia bilunaris,0
1098,OCF38,2013,EunInc,Eunotia incisa,0
1099,OCF38,2013,FraBre,Fragilaria brevistriata,1.29
1100,OCF38,2013,FraCap,Fragilaria capucina,7.44
1101,OCF38,2013,FraPin,Fragilaria pinnata,0
1102,OCF38,2013,FraTen,Fragilaria tenera,2.27
1103,OCF38,2013,GomAcu,Gomphonema acuminatum,5.18
1104,OCF38,2013,GomCap,Gomphonema capitatum,10.03
1105,OCF38,2013,GomGra,Gomphonema gracile,0
1106,OCF38,2013,GomPar,Gomphonema parvulum,5.18
1107,OCF38,2013,GomTru,Gomphonema truncatum,1.94
1108,OCF38,2013,GomSp1,Gomphonema species 1,10.36
1109,OCF38,2013,GyrAcu,Gyrosigma acuminatum,0.32
1110,OCF38,2013,NavCrc,Navicula cryptocephala,11.65
1111,OCF38,2013,NavCrn,Navicula cryptotenella,0.32
1112,OCF38,2013,NavPup,Navicula pupula,0
1113,OCF38,2013,NavPyg,Navicula pygmaea,1.94
1114,OCF38,2013,NavRad,Navicula radiosa,0
1115,OCF38,2013,NavSub,Navicula subtilissima,0
1116,OCF38,2013,NavTri,Navicula trivialis,0.65
1117,OCF38,2013,NitAmp,Nitzschia amphibia,0
1118,OCF38,2013,NitPal,Nitzschia palea,11.33
1119,OCF38,2013,NitPer,Nitzschia perminuta,0
1120,OCF38,2013,PsaCon,Psammodictyon constrictum,0.65
1121,OCF38,2013,RhoGib,Rhopalodia gibba,0
1122,OCF38,2013,TabFlo,Tabellaria flocculosa,0
1123,OCF46,2013,AchMin,Achnanthes minutissima,1.23
1124,OCF46,2013,AchLan,Achnanthes lanceolata,0
1125,OCF46,2013,AchSp1,Achnanthes species 1,0
1126,OCF46,2013,AmpLib,Amphora libyca,0
1127,OCF46,2013,AmpPed,Amphora pediculus,0
1128,OCF46,2013,AmpPel,Amphipleura pellucida,0
1129,OCF46,2013,BraMic,Brachysira microcephala,0
1130,OCF46,2013,BraPro,Brachysira procera,0
1131,OCF46,2013,CalBac,Caloneis bacillum,0
1132,OCF46,2013,CocPla,Cocconeis placentula,94.15
1133,OCF46,2013,CymCis,Cymbella cistula,0
1134,OCF46,2013,CymGra,Cymbella gracilis,0
1135,OCF46,2013,CymSil,Cymbella silesiaca,0
1136,OCF46,2013,CymMic,Cymbella microcephala,0.31
1137,OCF46,2013,DiaTen,Diatoma tenius,0
1138,OCF46,2013,EpiAdn,Epithemia adnata,0
1139,OCF46,2013,EpiTur,Epithemia turgida,0
1140,OCF46,2013,EunBil,Eunotia bilunaris,0
1141,OCF46,2013,EunInc,Eunotia incisa,0
1142,OCF46,2013,FraBre,Fragilaria brevistriata,0
1143,OCF46,2013,FraCap,Fragilaria capucina,0
1144,OCF46,2013,FraPin,Fragilaria pinnata,0
1145,OCF46,2013,FraTen,Fragilaria tenera,0
1146,OCF46,2013,GomAcu,Gomphonema acuminatum,0
1147,OCF46,2013,GomCap,Gomphonema capitatum,0
1148,OCF46,2013,GomGra,Gomphonema gracile,0
1149,OCF46,2013,GomPar,Gomphonema parvulum,0
1150,OCF46,2013,GomTru,Gomphonema truncatum,0
1151,OCF46,2013,GomSp1,Gomphonema species 1,0
1152,OCF46,2013,GyrAcu,Gyrosigma acuminatum,0
1153,OCF46,2013,NavCrc,Navicula cryptocephala,0
1154,OCF46,2013,NavCrn,Navicula cryptotenella,0
1155,OCF46,2013,NavPup,Navicula pupula,0
1156,OCF46,2013,NavPyg,Navicula pygmaea,0
1157,OCF46,2013,NavRad,Navicula radiosa,0
1158,OCF46,2013,NavSub,Navicula subtilissima,0
1159,OCF46,2013,NavTri,Navicula trivialis,0
1160,OCF46,2013,NitAmp,Nitzschia amphibia,0
1161,OCF46,2013,NitPal,Nitzschia palea,4.31
1162,OCF46,2013,NitPer,Nitzschia perminuta,0
1163,OCF46,2013,PsaCon,Psammodictyon constrictum,0
1164,OCF46,2013,RhoGib,Rhopalodia gibba,0
1165,OCF46,2013,TabFlo,Tabellaria flocculosa,0
1166,OCF48,2013,AchMin,Achnanthes minutissima,57.49
1167,OCF48,2013,AchLan,Achnanthes lanceolata,0
1168,OCF48,2013,AchSp1,Achnanthes species 1,0
1169,OCF48,2013,AmpLib,Amphora libyca,0.31
1170,OCF48,2013,AmpPed,Amphora pediculus,0
1171,OCF48,2013,AmpPel,Amphipleura pellucida,0
1172,OCF48,2013,BraMic,Brachysira microcephala,0
1173,OCF48,2013,BraPro,Brachysira procera,0
1174,OCF48,2013,CalBac,Caloneis bacillum,0
1175,OCF48,2013,CocPla,Cocconeis placentula,5.81
1176,OCF48,2013,CymCis,Cymbella cistula,0.92
1177,OCF48,2013,CymGra,Cymbella gracilis,0
1178,OCF48,2013,CymSil,Cymbella silesiaca,1.22
1179,OCF48,2013,CymMic,Cymbella microcephala,12.84
1180,OCF48,2013,DiaTen,Diatoma tenius,0
1181,OCF48,2013,EpiAdn,Epithemia adnata,0
1182,OCF48,2013,EpiTur,Epithemia turgida,0
1183,OCF48,2013,EunBil,Eunotia bilunaris,0
1184,OCF48,2013,EunInc,Eunotia incisa,0
1185,OCF48,2013,FraBre,Fragilaria brevistriata,0
1186,OCF48,2013,FraCap,Fragilaria capucina,2.45
1187,OCF48,2013,FraPin,Fragilaria pinnata,1.53
1188,OCF48,2013,FraTen,Fragilaria tenera,1.53
1189,OCF48,2013,GomAcu,Gomphonema acuminatum,0
1190,OCF48,2013,GomCap,Gomphonema capitatum,0
1191,OCF48,2013,GomGra,Gomphonema gracile,0
1192,OCF48,2013,GomPar,Gomphonema parvulum,2.14
1193,OCF48,2013,GomTru,Gomphonema truncatum,0
1194,OCF48,2013,GomSp1,Gomphonema species 1,6.12
1195,OCF48,2013,GyrAcu,Gyrosigma acuminatum,0
1196,OCF48,2013,NavCrc,Navicula cryptocephala,0.61
1197,OCF48,2013,NavCrn,Navicula cryptotenella,4.59
1198,OCF48,2013,NavPup,Navicula pupula,0
1199,OCF48,2013,NavPyg,Navicula pygmaea,0
1200,OCF48,2013,NavRad,Navicula radiosa,0.61
1201,OCF48,2013,NavSub,Navicula subtilissima,0
1202,OCF48,2013,NavTri,Navicula trivialis,0.61
1203,OCF48,2013,NitAmp,Nitzschia amphibia,1.22
1204,OCF48,2013,NitPal,Nitzschia palea,0
1205,OCF48,2013,NitPer,Nitzschia perminuta,0
1206,OCF48,2013,PsaCon,Psammodictyon constrictum,0
1207,OCF48,2013,RhoGib,Rhopalodia gibba,0
1208,OCF48,2013,TabFlo,Tabellaria flocculosa,0
1209,OCF49,2013,AchMin,Achnanthes minutissima,80.18
1210,OCF49,2013,AchLan,Achnanthes lanceolata,0
1211,OCF49,2013,AchSp1,Achnanthes species 1,0
1212,OCF49,2013,AmpLib,Amphora libyca,0
1213,OCF49,2013,AmpPed,Amphora pediculus,0
1214,OCF49,2013,AmpPel,Amphipleura pellucida,0
1215,OCF49,2013,BraMic,Brachysira microcephala,0
1216,OCF49,2013,BraPro,Brachysira procera,0
1217,OCF49,2013,CalBac,Caloneis bacillum,0
1218,OCF49,2013,CocPla,Cocconeis placentula,0
1219,OCF49,2013,CymCis,Cymbella cistula,0
1220,OCF49,2013,CymGra,Cymbella gracilis,0
1221,OCF49,2013,CymSil,Cymbella silesiaca,0
1222,OCF49,2013,CymMic,Cymbella microcephala,1.83
1223,OCF49,2013,DiaTen,Diatoma tenius,0
1224,OCF49,2013,EpiAdn,Epithemia adnata,0
1225,OCF49,2013,EpiTur,Epithemia turgida,0
1226,OCF49,2013,EunBil,Eunotia bilunaris,0
1227,OCF49,2013,EunInc,Eunotia incisa,0
1228,OCF49,2013,FraBre,Fragilaria brevistriata,0
1229,OCF49,2013,FraCap,Fragilaria capucina,0.61
1230,OCF49,2013,FraPin,Fragilaria pinnata,0
1231,OCF49,2013,FraTen,Fragilaria tenera,0.91
1232,OCF49,2013,GomAcu,Gomphonema acuminatum,0
1233,OCF49,2013,GomCap,Gomphonema capitatum,0
1234,OCF49,2013,GomGra,Gomphonema gracile,0
1235,OCF49,2013,GomPar,Gomphonema parvulum,3.05
1236,OCF49,2013,GomTru,Gomphonema truncatum,0
1237,OCF49,2013,GomSp1,Gomphonema species 1,13.11
1238,OCF49,2013,GyrAcu,Gyrosigma acuminatum,0
1239,OCF49,2013,NavCrc,Navicula cryptocephala,0
1240,OCF49,2013,NavCrn,Navicula cryptotenella,0
1241,OCF49,2013,NavPup,Navicula pupula,0
1242,OCF49,2013,NavPyg,Navicula pygmaea,0
1243,OCF49,2013,NavRad,Navicula radiosa,0
1244,OCF49,2013,NavSub,Navicula subtilissima,0
1245,OCF49,2013,NavTri,Navicula trivialis,0
1246,OCF49,2013,NitAmp,Nitzschia amphibia,0.3
1247,OCF49,2013,NitPal,Nitzschia palea,0
1248,OCF49,2013,NitPer,Nitzschia perminuta,0
1249,OCF49,2013,PsaCon,Psammodictyon constrictum,0
1250,OCF49,2013,RhoGib,Rhopalodia gibba,0
1251,OCF49,2013,TabFlo,Tabellaria flocculosa,0
1338,OCF19R,2013,AchMin,Achnanthes minutissima,69.28
1339,OCF19R,2013,AchLan,Achnanthes lanceolata,0
1340,OCF19R,2013,AchSp1,Achnanthes species 1,0
1341,OCF19R,2013,AmpLib,Amphora libyca,0
1342,OCF19R,2013,AmpPed,Amphora pediculus,0
1343,OCF19R,2013,AmpPel,Amphipleura pellucida,0
1344,OCF19R,2013,BraMic,Brachysira microcephala,0
1345,OCF19R,2013,BraPro,Brachysira procera,0
1346,OCF19R,2013,CalBac,Caloneis bacillum,0
1347,OCF19R,2013,CocPla,Cocconeis placentula,0.31
1348,OCF19R,2013,CymCis,Cymbella cistula,0
1349,OCF19R,2013,CymGra,Cymbella gracilis,0
1350,OCF19R,2013,CymSil,Cymbella silesiaca,0
1351,OCF19R,2013,CymMic,Cymbella microcephala,0
1352,OCF19R,2013,DiaTen,Diatoma tenius,0
1353,OCF19R,2013,EpiAdn,Epithemia adnata,0.63
1354,OCF19R,2013,EpiTur,Epithemia turgida,0
1355,OCF19R,2013,EunBil,Eunotia bilunaris,0
1356,OCF19R,2013,EunInc,Eunotia incisa,0
1357,OCF19R,2013,FraBre,Fragilaria brevistriata,0
1358,OCF19R,2013,FraCap,Fragilaria capucina,0
1359,OCF19R,2013,FraPin,Fragilaria pinnata,0
1360,OCF19R,2013,FraTen,Fragilaria tenera,2.82
1361,OCF19R,2013,GomAcu,Gomphonema acuminatum,0.31
1362,OCF19R,2013,GomCap,Gomphonema capitatum,0
1363,OCF19R,2013,GomGra,Gomphonema gracile,0
1364,OCF19R,2013,GomPar,Gomphonema parvulum,4.39
1365,OCF19R,2013,GomTru,Gomphonema truncatum,1.57
1366,OCF19R,2013,GomSp1,Gomphonema species 1,6.58
1367,OCF19R,2013,GyrAcu,Gyrosigma acuminatum,0
1368,OCF19R,2013,NavCrc,Navicula cryptocephala,0
1369,OCF19R,2013,NavCrn,Navicula cryptotenella,2.82
1370,OCF19R,2013,NavPup,Navicula pupula,0
1371,OCF19R,2013,NavPyg,Navicula pygmaea,0
1372,OCF19R,2013,NavRad,Navicula radiosa,0.63
1373,OCF19R,2013,NavSub,Navicula subtilissima,4.08
1374,OCF19R,2013,NavTri,Navicula trivialis,0.31
1375,OCF19R,2013,NitAmp,Nitzschia amphibia,0
1376,OCF19R,2013,NitPal,Nitzschia palea,5.64
1377,OCF19R,2013,NitPer,Nitzschia perminuta,0
1378,OCF19R,2013,PsaCon,Psammodictyon constrictum,0
1379,OCF19R,2013,RhoGib,Rhopalodia gibba,0.63
1380,OCF19R,2013,TabFlo,Tabellaria flocculosa,0
1459,OCF19,2014,AchMin,Achnanthes minutissima,72.86
1460,OCF19,2014,AchLan,Achnanthes lanceolata,0
1461,OCF19,2014,AchSp1,Achnanthes species 1,0
1462,OCF19,2014,AmpPed,Amphora pediculus,0
1463,OCF19,2014,AmpPel,Amphipleura pellucida,0
1464,OCF19,2014,BraMic,Brachysira microcephala,0
1465,OCF19,2014,CalBac,Caloneis bacillum,0.29
1466,OCF19,2014,CocPla,Cocconeis placentula,1.18
1467,OCF19,2014,CymCis,Cymbella cistula,0
1468,OCF19,2014,CymGra,Cymbella gracilis,0
1469,OCF19,2014,CymSil,Cymbella silesiaca,0.59
1470,OCF19,2014,CymMic,Cymbella microcephala,1.18
1471,OCF19,2014,DiaTen,Diatoma tenius,0
1472,OCF19,2014,EpiAdn,Epithemia adnata,1.18
1473,OCF19,2014,EunBil,Eunotia bilunaris,0
1474,OCF19,2014,EunInc,Eunotia incisa,0
1475,OCF19,2014,FraBre,Fragilaria brevistriata,0
1476,OCF19,2014,FraCap,Fragilaria capucina,1.47
1477,OCF19,2014,FraPin,Fragilaria pinnata,0
1478,OCF19,2014,FraTen,Fragilaria tenera,0
1479,OCF19,2014,GomAcu,Gomphonema acuminatum,0
1480,OCF19,2014,GomCap,Gomphonema capitatum,0
1481,OCF19,2014,GomGra,Gomphonema gracile,0
1482,OCF19,2014,GomPar,Gomphonema parvulum,3.83
1483,OCF19,2014,GomTru,Gomphonema truncatum,0
1484,OCF19,2014,GomSp1,Gomphonema species 1,3.54
1485,OCF19,2014,GyrAcu,Gyrosigma acuminatum,0
1486,OCF19,2014,NavCrc,Navicula cryptocephala,0.29
1487,OCF19,2014,NavCrn,Navicula cryptotenella,3.83
1488,OCF19,2014,NavPup,Navicula pupula,0
1489,OCF19,2014,NavPyg,Navicula pygmaea,0
1490,OCF19,2014,NavRad,Navicula radiosa,1.18
1491,OCF19,2014,NavSub,Navicula subtilissima,5.31
1492,OCF19,2014,NitAmp,Nitzschia amphibia,0
1493,OCF19,2014,NitPal,Nitzschia palea,2.95
1494,OCF19,2014,NitPer,Nitzschia perminuta,0
1495,OCF19,2014,RhoGib,Rhopalodia gibba,0.29
1496,OCF19,2014,TabFlo,Tabellaria flocculosa,0
1497,OCF19,2014,StaAnc,Stauroneis anceps,0
1693,OCF38,2014,AchMin,Achnanthes minutissima,3.97
1694,OCF38,2014,AchLan,Achnanthes lanceolata,0
1695,OCF38,2014,AchSp1,Achnanthes species 1,0
1696,OCF38,2014,AmpPed,Amphora pediculus,0
1697,OCF38,2014,AmpPel,Amphipleura pellucida,0.99
1698,OCF38,2014,BraMic,Brachysira microcephala,0
1699,OCF38,2014,CalBac,Caloneis bacillum,0
1700,OCF38,2014,CocPla,Cocconeis placentula,0.33
1701,OCF38,2014,CymCis,Cymbella cistula,0
1702,OCF38,2014,CymGra,Cymbella gracilis,0
1703,OCF38,2014,CymSil,Cymbella silesiaca,1.66
1704,OCF38,2014,CymMic,Cymbella microcephala,0
1705,OCF38,2014,DiaTen,Diatoma tenius,1.66
1706,OCF38,2014,EpiAdn,Epithemia adnata,0
1707,OCF38,2014,EunBil,Eunotia bilunaris,0
1708,OCF38,2014,EunInc,Eunotia incisa,1.32
1709,OCF38,2014,FraBre,Fragilaria brevistriata,0
1710,OCF38,2014,FraCap,Fragilaria capucina,11.59
1711,OCF38,2014,FraPin,Fragilaria pinnata,0
1712,OCF38,2014,FraTen,Fragilaria tenera,0.99
1713,OCF38,2014,GomAcu,Gomphonema acuminatum,0
1714,OCF38,2014,GomCap,Gomphonema capitatum,6.95
1715,OCF38,2014,GomGra,Gomphonema gracile,0
1716,OCF38,2014,GomPar,Gomphonema parvulum,30.13
1717,OCF38,2014,GomTru,Gomphonema truncatum,0
1718,OCF38,2014,GomSp1,Gomphonema species 1,31.13
1719,OCF38,2014,GyrAcu,Gyrosigma acuminatum,0.33
1720,OCF38,2014,NavCrc,Navicula cryptocephala,6.62
1721,OCF38,2014,NavCrn,Navicula cryptotenella,0.66
1722,OCF38,2014,NavPup,Navicula pupula,0
1723,OCF38,2014,NavPyg,Navicula pygmaea,0.99
1724,OCF38,2014,NavRad,Navicula radiosa,0
1725,OCF38,2014,NavSub,Navicula subtilissima,0
1726,OCF38,2014,NitAmp,Nitzschia amphibia,0
1727,OCF38,2014,NitPal,Nitzschia palea,0.66
1728,OCF38,2014,NitPer,Nitzschia perminuta,0
1729,OCF38,2014,RhoGib,Rhopalodia gibba,0
1730,OCF38,2014,TabFlo,Tabellaria flocculosa,0
1731,OCF38,2014,StaAnc,Stauroneis anceps,0
1732,OCF46,2014,AchMin,Achnanthes minutissima,54.93
1733,OCF46,2014,AchLan,Achnanthes lanceolata,0
1734,OCF46,2014,AchSp1,Achnanthes species 1,0
1735,OCF46,2014,AmpPed,Amphora pediculus,0
1736,OCF46,2014,AmpPel,Amphipleura pellucida,0
1737,OCF46,2014,BraMic,Brachysira microcephala,0
1738,OCF46,2014,CalBac,Caloneis bacillum,0
1739,OCF46,2014,CocPla,Cocconeis placentula,1.79
1740,OCF46,2014,CymCis,Cymbella cistula,0
1741,OCF46,2014,CymGra,Cymbella gracilis,0
1742,OCF46,2014,CymSil,Cymbella silesiaca,2.69
1743,OCF46,2014,CymMic,Cymbella microcephala,0
1744,OCF46,2014,DiaTen,Diatoma tenius,1.19
1745,OCF46,2014,EpiAdn,Epithemia adnata,0.3
1746,OCF46,2014,EunBil,Eunotia bilunaris,0
1747,OCF46,2014,EunInc,Eunotia incisa,0
1748,OCF46,2014,FraBre,Fragilaria brevistriata,0.9
1749,OCF46,2014,FraCap,Fragilaria capucina,7.16
1750,OCF46,2014,FraPin,Fragilaria pinnata,0
1751,OCF46,2014,FraTen,Fragilaria tenera,0
1752,OCF46,2014,GomAcu,Gomphonema acuminatum,1.19
1753,OCF46,2014,GomCap,Gomphonema capitatum,0.9
1754,OCF46,2014,GomGra,Gomphonema gracile,1.79
1755,OCF46,2014,GomPar,Gomphonema parvulum,7.46
1756,OCF46,2014,GomTru,Gomphonema truncatum,0
1757,OCF46,2014,GomSp1,Gomphonema species 1,5.37
1758,OCF46,2014,GyrAcu,Gyrosigma acuminatum,0
1759,OCF46,2014,NavCrc,Navicula cryptocephala,1.19
1760,OCF46,2014,NavCrn,Navicula cryptotenella,0
1761,OCF46,2014,NavPup,Navicula pupula,0.6
1762,OCF46,2014,NavPyg,Navicula pygmaea,0
1763,OCF46,2014,NavRad,Navicula radiosa,0
1764,OCF46,2014,NavSub,Navicula subtilissima,0
1765,OCF46,2014,NitAmp,Nitzschia amphibia,2.99
1766,OCF46,2014,NitPal,Nitzschia palea,9.55
1767,OCF46,2014,NitPer,Nitzschia perminuta,0
1768,OCF46,2014,RhoGib,Rhopalodia gibba,0
1769,OCF46,2014,TabFlo,Tabellaria flocculosa,0
1770,OCF46,2014,StaAnc,Stauroneis anceps,0
1771,OCF48,2014,AchMin,Achnanthes minutissima,24.34
1772,OCF48,2014,AchLan,Achnanthes lanceolata,0.33
1773,OCF48,2014,AchSp1,Achnanthes species 1,0
1774,OCF48,2014,AmpPed,Amphora pediculus,2.63
1775,OCF48,2014,AmpPel,Amphipleura pellucida,0
1776,OCF48,2014,BraMic,Brachysira microcephala,0
1777,OCF48,2014,CalBac,Caloneis bacillum,0
1778,OCF48,2014,CocPla,Cocconeis placentula,6.58
1779,OCF48,2014,CymCis,Cymbella cistula,0.33
1780,OCF48,2014,CymGra,Cymbella gracilis,0
1781,OCF48,2014,CymSil,Cymbella silesiaca,0
1782,OCF48,2014,CymMic,Cymbella microcephala,3.95
1783,OCF48,2014,DiaTen,Diatoma tenius,0
1784,OCF48,2014,EpiAdn,Epithemia adnata,0
1785,OCF48,2014,EunBil,Eunotia bilunaris,0
1786,OCF48,2014,EunInc,Eunotia incisa,0
1787,OCF48,2014,FraBre,Fragilaria brevistriata,0.99
1788,OCF48,2014,FraCap,Fragilaria capucina,1.64
1789,OCF48,2014,FraPin,Fragilaria pinnata,21.05
1790,OCF48,2014,FraTen,Fragilaria tenera,0
1791,OCF48,2014,GomAcu,Gomphonema acuminatum,0
1792,OCF48,2014,GomCap,Gomphonema capitatum,0
1793,OCF48,2014,GomGra,Gomphonema gracile,0
1794,OCF48,2014,GomPar,Gomphonema parvulum,0
1795,OCF48,2014,GomTru,Gomphonema truncatum,0
1796,OCF48,2014,GomSp1,Gomphonema species 1,23.68
1797,OCF48,2014,GyrAcu,Gyrosigma acuminatum,0
1798,OCF48,2014,NavCrc,Navicula cryptocephala,1.97
1799,OCF48,2014,NavCrn,Navicula cryptotenella,4.93
1800,OCF48,2014,NavPup,Navicula pupula,0
1801,OCF48,2014,NavPyg,Navicula pygmaea,0
1802,OCF48,2014,NavRad,Navicula radiosa,0
1803,OCF48,2014,NavSub,Navicula subtilissima,0.33
1804,OCF48,2014,NitAmp,Nitzschia amphibia,1.97
1805,OCF48,2014,NitPal,Nitzschia palea,5.26
1806,OCF48,2014,NitPer,Nitzschia perminuta,0
1807,OCF48,2014,RhoGib,Rhopalodia gibba,0
1808,OCF48,2014,TabFlo,Tabellaria flocculosa,0
1809,OCF48,2014,StaAnc,Stauroneis anceps,0
1810,OCF49,2014,AchMin,Achnanthes minutissima,73.16
1811,OCF49,2014,AchLan,Achnanthes lanceolata,0
1812,OCF49,2014,AchSp1,Achnanthes species 1,0.56
1813,OCF49,2014,AmpPed,Amphora pediculus,0
1814,OCF49,2014,AmpPel,Amphipleura pellucida,0
1815,OCF49,2014,BraMic,Brachysira microcephala,0.56
1816,OCF49,2014,CalBac,Caloneis bacillum,0
1817,OCF49,2014,CocPla,Cocconeis placentula,1.13
1818,OCF49,2014,CymCis,Cymbella cistula,0.85
1819,OCF49,2014,CymGra,Cymbella gracilis,0
1820,OCF49,2014,CymSil,Cymbella silesiaca,0
1821,OCF49,2014,CymMic,Cymbella microcephala,0.56
1822,OCF49,2014,DiaTen,Diatoma tenius,0
1823,OCF49,2014,EpiAdn,Epithemia adnata,0.56
1824,OCF49,2014,EunBil,Eunotia bilunaris,0
1825,OCF49,2014,EunInc,Eunotia incisa,0
1826,OCF49,2014,FraBre,Fragilaria brevistriata,0
1827,OCF49,2014,FraCap,Fragilaria capucina,0
1828,OCF49,2014,FraPin,Fragilaria pinnata,1.13
1829,OCF49,2014,FraTen,Fragilaria tenera,0
1830,OCF49,2014,GomAcu,Gomphonema acuminatum,0
1831,OCF49,2014,GomCap,Gomphonema capitatum,0
1832,OCF49,2014,GomGra,Gomphonema gracile,0
1833,OCF49,2014,GomPar,Gomphonema parvulum,5.93
1834,OCF49,2014,GomTru,Gomphonema truncatum,0
1835,OCF49,2014,GomSp1,Gomphonema species 1,13.56
1836,OCF49,2014,GyrAcu,Gyrosigma acuminatum,0
1837,OCF49,2014,NavCrc,Navicula cryptocephala,0
1838,OCF49,2014,NavCrn,Navicula cryptotenella,1.69
1839,OCF49,2014,NavPup,Navicula pupula,0
1840,OCF49,2014,NavPyg,Navicula pygmaea,0
1841,OCF49,2014,NavRad,Navicula radiosa,0
1842,OCF49,2014,NavSub,Navicula subtilissima,0.28
1843,OCF49,2014,NitAmp,Nitzschia amphibia,0
1844,OCF49,2014,NitPal,Nitzschia palea,0
1845,OCF49,2014,NitPer,Nitzschia perminuta,0
1846,OCF49,2014,RhoGib,Rhopalodia gibba,0
1847,OCF49,2014,TabFlo,Tabellaria flocculosa,0
1848,OCF49,2014,StaAnc,Stauroneis anceps,0
2058,OCF19,2016,AchMin,Achnanthes minutissima,56.97
2059,OCF19,2016,AchLan,Achnanthes lanceolata,0.3
2060,OCF19,2016,AchSp1,Achnanthes species 1,0
2061,OCF19,2016,AmpCop,Amphora copulata,0
2062,OCF19,2016,AmpLan,Amphora lange-bertalotii,0
2063,OCF19,2016,AmpPed,Amphora pediculus,0
2064,OCF19,2016,BraMic,Brachysira microcephala,0
2065,OCF19,2016,CocPla,Cocconeis placentula,0.3
2066,OCF19,2016,CymCis,Cymbella cistula,0
2067,OCF19,2016,CymGra,Cymbella gracilis,0
2068,OCF19,2016,CymLan,Cymbella lange-bertalotii,0
2069,OCF19,2016,CymSil,Cymbella silesiaca,0
2070,OCF19,2016,CymMin,Cymbella minutum,0
2071,OCF19,2016,CymMic,Cymbella microcephala,2.42
2072,OCF19,2016,DiaTen,Diatoma tenius,0
2073,OCF19,2016,EpiAdn,Epithemia adnata,1.52
2074,OCF19,2016,EunBil,Eunotia bilunaris,0
2075,OCF19,2016,EunInc,Eunotia incisa,0
2076,OCF19,2016,FraBre,Fragilaria brevistriata,0
2077,OCF19,2016,FraCap,Fragilaria capucina,6.67
2078,OCF19,2016,FraCav,Fragilaria capucina var. mesolepta,0
2079,OCF19,2016,FraExi,Fragilaria exigua,0
2080,OCF19,2016,FraPin,Fragilaria pinnata,0.61
2081,OCF19,2016,FraTen,Fragilaria tenera,0
2082,OCF19,2016,GomAcu,Gomphonema acuminatum,0.61
2083,OCF19,2016,GomCap,Gomphonema capitatum,0
2084,OCF19,2016,GomGra,Gomphonema gracile,0
2085,OCF19,2016,GomMic,Gomphonema micropus,0
2086,OCF19,2016,GomPar,Gomphonema parvulum,3.03
2087,OCF19,2016,GomTru,Gomphonema truncatum,0
2088,OCF19,2016,GomSp1,Gomphonema species 1,1.82
2089,OCF19,2016,NavAnt,Navicula antonii,0
2090,OCF19,2016,NavCrc,Navicula cryptocephala,2.42
2091,OCF19,2016,NavCrn,Navicula cryptotenella,3.33
2092,OCF19,2016,NavPup,Navicula pupula,0
2093,OCF19,2016,NavRad,Navicula radiosa,2.73
2094,OCF19,2016,NavSem,Navicula seminulum,0
2095,OCF19,2016,NavSub,Navicula subtilissima,2.42
2096,OCF19,2016,NavTri,Navicula trivialis,0.3
2097,OCF19,2016,NitAmp,Nitzschia amphibia,0
2098,OCF19,2016,NitPal,Nitzschia palea,9.09
2099,OCF19,2016,NitPer,Nitzschia perminuta,0.3
2100,OCF19,2016,PinSub,Pinnularia subgibba,0
2101,OCF19,2016,PlaRos,Planothidium rostratum,0
2102,OCF19,2016,RhoGib,Rhopalodia gibba,5.15
2103,OCF19,2016,TabFlo,Tabellaria flocculosa,0
2334,OCF38,2016,AchMin,Achnanthes minutissima,1.97
2335,OCF38,2016,AchLan,Achnanthes lanceolata,0
2336,OCF38,2016,AchSp1,Achnanthes species 1,0
2337,OCF38,2016,AmpCop,Amphora copulata,0.66
2338,OCF38,2016,AmpLan,Amphora lange-bertalotii,0.66
2339,OCF38,2016,AmpPed,Amphora pediculus,0.66
2340,OCF38,2016,BraMic,Brachysira microcephala,0
2341,OCF38,2016,CocPla,Cocconeis placentula,0
2342,OCF38,2016,CymCis,Cymbella cistula,1.64
2343,OCF38,2016,CymGra,Cymbella gracilis,0
2344,OCF38,2016,CymLan,Cymbella lange-bertalotii,0
2345,OCF38,2016,CymSil,Cymbella silesiaca,4.93
2346,OCF38,2016,CymMin,Cymbella minutum,1.32
2347,OCF38,2016,CymMic,Cymbella microcephala,0
2348,OCF38,2016,DiaTen,Diatoma tenius,1.64
2349,OCF38,2016,EpiAdn,Epithemia adnata,0.33
2350,OCF38,2016,EunBil,Eunotia bilunaris,0.66
2351,OCF38,2016,EunInc,Eunotia incisa,3.95
2352,OCF38,2016,FraBre,Fragilaria brevistriata,4.28
2353,OCF38,2016,FraCap,Fragilaria capucina,13.16
2354,OCF38,2016,FraCav,Fragilaria capucina var. mesolepta,0
2355,OCF38,2016,FraExi,Fragilaria exigua,10.53
2356,OCF38,2016,FraPin,Fragilaria pinnata,0
2357,OCF38,2016,FraTen,Fragilaria tenera,2.63
2358,OCF38,2016,GomAcu,Gomphonema acuminatum,0
2359,OCF38,2016,GomCap,Gomphonema capitatum,0
2360,OCF38,2016,GomGra,Gomphonema gracile,0
2361,OCF38,2016,GomMic,Gomphonema micropus,0
2362,OCF38,2016,GomPar,Gomphonema parvulum,18.42
2363,OCF38,2016,GomTru,Gomphonema truncatum,0
2364,OCF38,2016,GomSp1,Gomphonema species 1,14.47
2365,OCF38,2016,NavAnt,Navicula antonii,0
2366,OCF38,2016,NavCrc,Navicula cryptocephala,10.2
2367,OCF38,2016,NavCrn,Navicula cryptotenella,0
2368,OCF38,2016,NavPup,Navicula pupula,0.66
2369,OCF38,2016,NavRad,Navicula radiosa,0
2370,OCF38,2016,NavSem,Navicula seminulum,0.33
2371,OCF38,2016,NavSub,Navicula subtilissima,0
2372,OCF38,2016,NavTri,Navicula trivialis,0
2373,OCF38,2016,NitAmp,Nitzschia amphibia,0.66
2374,OCF38,2016,NitPal,Nitzschia palea,1.32
2375,OCF38,2016,NitPer,Nitzschia perminuta,0
2376,OCF38,2016,PinSub,Pinnularia subgibba,0
2377,OCF38,2016,PlaRos,Planothidium rostratum,0.33
2378,OCF38,2016,RhoGib,Rhopalodia gibba,0
2379,OCF38,2016,TabFlo,Tabellaria flocculosa,4.61
2380,OCF46,2016,AchMin,Achnanthes minutissima,5.56
2381,OCF46,2016,AchLan,Achnanthes lanceolata,0
2382,OCF46,2016,AchSp1,Achnanthes species 1,0.65
2383,OCF46,2016,AmpCop,Amphora copulata,0
2384,OCF46,2016,AmpLan,Amphora lange-bertalotii,0
2385,OCF46,2016,AmpPed,Amphora pediculus,0
2386,OCF46,2016,BraMic,Brachysira microcephala,0
2387,OCF46,2016,CocPla,Cocconeis placentula,69.61
2388,OCF46,2016,CymCis,Cymbella cistula,0
2389,OCF46,2016,CymGra,Cymbella gracilis,0
2390,OCF46,2016,CymLan,Cymbella lange-bertalotii,0
2391,OCF46,2016,CymSil,Cymbella silesiaca,1.31
2392,OCF46,2016,CymMin,Cymbella minutum,0
2393,OCF46,2016,CymMic,Cymbella microcephala,0
2394,OCF46,2016,DiaTen,Diatoma tenius,0
2395,OCF46,2016,EpiAdn,Epithemia adnata,0.98
2396,OCF46,2016,EunBil,Eunotia bilunaris,0
2397,OCF46,2016,EunInc,Eunotia incisa,0
2398,OCF46,2016,FraBre,Fragilaria brevistriata,0
2399,OCF46,2016,FraCap,Fragilaria capucina,1.31
2400,OCF46,2016,FraCav,Fragilaria capucina var. mesolepta,0
2401,OCF46,2016,FraExi,Fragilaria exigua,0
2402,OCF46,2016,FraPin,Fragilaria pinnata,0
2403,OCF46,2016,FraTen,Fragilaria tenera,0
2404,OCF46,2016,GomAcu,Gomphonema acuminatum,0
2405,OCF46,2016,GomCap,Gomphonema capitatum,0
2406,OCF46,2016,GomGra,Gomphonema gracile,0
2407,OCF46,2016,GomMic,Gomphonema micropus,0
2408,OCF46,2016,GomPar,Gomphonema parvulum,4.25
2409,OCF46,2016,GomTru,Gomphonema truncatum,0
2410,OCF46,2016,GomSp1,Gomphonema species 1,3.59
2411,OCF46,2016,NavAnt,Navicula antonii,0
2412,OCF46,2016,NavCrc,Navicula cryptocephala,0.98
2413,OCF46,2016,NavCrn,Navicula cryptotenella,1.96
2414,OCF46,2016,NavPup,Navicula pupula,0
2415,OCF46,2016,NavRad,Navicula radiosa,1.31
2416,OCF46,2016,NavSem,Navicula seminulum,0
2417,OCF46,2016,NavSub,Navicula subtilissima,0
2418,OCF46,2016,NavTri,Navicula trivialis,0
2419,OCF46,2016,NitAmp,Nitzschia amphibia,0
2420,OCF46,2016,NitPal,Nitzschia palea,8.5
2421,OCF46,2016,NitPer,Nitzschia perminuta,0
2422,OCF46,2016,PinSub,Pinnularia subgibba,0
2423,OCF46,2016,PlaRos,Planothidium rostratum,0
2424,OCF46,2016,RhoGib,Rhopalodia gibba,0
2425,OCF46,2016,TabFlo,Tabellaria flocculosa,0
2426,OCF48,2016,AchMin,Achnanthes minutissima,25.58
2427,OCF48,2016,AchLan,Achnanthes lanceolata,0
2428,OCF48,2016,AchSp1,Achnanthes species 1,0
2429,OCF48,2016,AmpCop,Amphora copulata,0
2430,OCF48,2016,AmpLan,Amphora lange-bertalotii,0
2431,OCF48,2016,AmpPed,Amphora pediculus,3.99
2432,OCF48,2016,BraMic,Brachysira microcephala,0
2433,OCF48,2016,CocPla,Cocconeis placentula,3.65
2434,OCF48,2016,CymCis,Cymbella cistula,0
2435,OCF48,2016,CymGra,Cymbella gracilis,0
2436,OCF48,2016,CymLan,Cymbella lange-bertalotii,0
2437,OCF48,2016,CymSil,Cymbella silesiaca,0
2438,OCF48,2016,CymMin,Cymbella minutum,0
2439,OCF48,2016,CymMic,Cymbella microcephala,3.32
2440,OCF48,2016,DiaTen,Diatoma tenius,0
2441,OCF48,2016,EpiAdn,Epithemia adnata,0
2442,OCF48,2016,EunBil,Eunotia bilunaris,0
2443,OCF48,2016,EunInc,Eunotia incisa,0
2444,OCF48,2016,FraBre,Fragilaria brevistriata,0
2445,OCF48,2016,FraCap,Fragilaria capucina,4.32
2446,OCF48,2016,FraCav,Fragilaria capucina var. mesolepta,0
2447,OCF48,2016,FraExi,Fragilaria exigua,0
2448,OCF48,2016,FraPin,Fragilaria pinnata,44.19
2449,OCF48,2016,FraTen,Fragilaria tenera,0
2450,OCF48,2016,GomAcu,Gomphonema acuminatum,0
2451,OCF48,2016,GomCap,Gomphonema capitatum,0
2452,OCF48,2016,GomGra,Gomphonema gracile,0
2453,OCF48,2016,GomMic,Gomphonema micropus,0
2454,OCF48,2016,GomPar,Gomphonema parvulum,0
2455,OCF48,2016,GomTru,Gomphonema truncatum,0
2456,OCF48,2016,GomSp1,Gomphonema species 1,2.99
2457,OCF48,2016,NavAnt,Navicula antonii,0
2458,OCF48,2016,NavCrc,Navicula cryptocephala,1
2459,OCF48,2016,NavCrn,Navicula cryptotenella,1.33
2460,OCF48,2016,NavPup,Navicula pupula,1
2461,OCF48,2016,NavRad,Navicula radiosa,1.66
2462,OCF48,2016,NavSem,Navicula seminulum,1.99
2463,OCF48,2016,NavSub,Navicula subtilissima,0
2464,OCF48,2016,NavTri,Navicula trivialis,1.33
2465,OCF48,2016,NitAmp,Nitzschia amphibia,1
2466,OCF48,2016,NitPal,Nitzschia palea,2.66
2467,OCF48,2016,NitPer,Nitzschia perminuta,0
2468,OCF48,2016,PinSub,Pinnularia subgibba,0
2469,OCF48,2016,PlaRos,Planothidium rostratum,0
2470,OCF48,2016,RhoGib,Rhopalodia gibba,0
2471,OCF48,2016,TabFlo,Tabellaria flocculosa,0
2472,OCF49,2016,AchMin,Achnanthes minutissima,80.85
2473,OCF49,2016,AchLan,Achnanthes lanceolata,0
2474,OCF49,2016,AchSp1,Achnanthes species 1,0
2475,OCF49,2016,AmpCop,Amphora copulata,0
2476,OCF49,2016,AmpLan,Amphora lange-bertalotii,0
2477,OCF49,2016,AmpPed,Amphora pediculus,0
2478,OCF49,2016,BraMic,Brachysira microcephala,1.69
2479,OCF49,2016,CocPla,Cocconeis placentula,0
2480,OCF49,2016,CymCis,Cymbella cistula,0
2481,OCF49,2016,CymGra,Cymbella gracilis,0
2482,OCF49,2016,CymLan,Cymbella lange-bertalotii,0
2483,OCF49,2016,CymSil,Cymbella silesiaca,0
2484,OCF49,2016,CymMin,Cymbella minutum,0
2485,OCF49,2016,CymMic,Cymbella microcephala,0.56
2486,OCF49,2016,DiaTen,Diatoma tenius,0.28
2487,OCF49,2016,EpiAdn,Epithemia adnata,0
2488,OCF49,2016,EunBil,Eunotia bilunaris,0
2489,OCF49,2016,EunInc,Eunotia incisa,0
2490,OCF49,2016,FraBre,Fragilaria brevistriata,0
2491,OCF49,2016,FraCap,Fragilaria capucina,0
2492,OCF49,2016,FraCav,Fragilaria capucina var. mesolepta,0
2493,OCF49,2016,FraExi,Fragilaria exigua,0
2494,OCF49,2016,FraPin,Fragilaria pinnata,0.85
2495,OCF49,2016,FraTen,Fragilaria tenera,0.28
2496,OCF49,2016,GomAcu,Gomphonema acuminatum,0
2497,OCF49,2016,GomCap,Gomphonema capitatum,0
2498,OCF49,2016,GomGra,Gomphonema gracile,0
2499,OCF49,2016,GomMic,Gomphonema micropus,0
2500,OCF49,2016,GomPar,Gomphonema parvulum,7.61
2501,OCF49,2016,GomTru,Gomphonema truncatum,0
2502,OCF49,2016,GomSp1,Gomphonema species 1,6.2
2503,OCF49,2016,NavAnt,Navicula antonii,0
2504,OCF49,2016,NavCrc,Navicula cryptocephala,0
2505,OCF49,2016,NavCrn,Navicula cryptotenella,1.69
2506,OCF49,2016,NavPup,Navicula pupula,0
2507,OCF49,2016,NavRad,Navicula radiosa,0
2508,OCF49,2016,NavSem,Navicula seminulum,0
2509,OCF49,2016,NavSub,Navicula subtilissima,0
2510,OCF49,2016,NavTri,Navicula trivialis,0
2511,OCF49,2016,NitAmp,Nitzschia amphibia,0
2512,OCF49,2016,NitPal,Nitzschia palea,0
2513,OCF49,2016,NitPer,Nitzschia perminuta,0
2514,OCF49,2016,PinSub,Pinnularia subgibba,0
2515,OCF49,2016,PlaRos,Planothidium rostratum,0
2516,OCF49,2016,RhoGib,Rhopalodia gibba,0
2517,OCF49,2016,TabFlo,Tabellaria flocculosa,0
